dataset,depth,test_acc_mean,test_acc_std
Proteins,1,0.6862666209538778,0.043756019004027646
Proteins,2,0.6963400781154633,0.030785229779513118
Proteins,3,0.7062419593334198,0.037490033503387934
Proteins,4,0.6882158935070037,0.028255883358082115
Proteins,5,0.6765846252441406,0.030688855869685186
